contract_transaction_unique_key,contract_award_unique_key,award_id_piid,modification_number,transaction_number,parent_award_agency_id,parent_award_agency_name,parent_award_id_piid,parent_award_modification_number,federal_action_obligation,total_dollars_obligated,base_and_exercised_options_value,current_total_value_of_award,base_and_all_options_value,potential_total_value_of_award,disaster_emergency_fund_codes_for_overall_award,outlayed_amount_from_COVID-19_supplementals_for_overall_award,obligated_amount_from_COVID-19_supplementals_for_overall_award,outlayed_amount_from_IIJA_supplemental_for_overall_award,obligated_amount_from_IIJA_supplemental_for_overall_award,action_date,action_date_fiscal_year,period_of_performance_start_date,period_of_performance_current_end_date,period_of_performance_potential_end_date,ordering_period_end_date,solicitation_date,awarding_agency_code,awarding_agency_name,awarding_sub_agency_code,awarding_sub_agency_name,awarding_office_code,awarding_office_name,funding_agency_code,funding_agency_name,funding_sub_agency_code,funding_sub_agency_name,funding_office_code,funding_office_name,treasury_accounts_funding_this_award,federal_accounts_funding_this_award,object_classes_funding_this_award,program_activities_funding_this_award,foreign_funding,foreign_funding_description,sam_exception,sam_exception_description,recipient_uei,recipient_duns,recipient_name,recipient_name_raw,recipient_doing_business_as_name,cage_code,recipient_parent_uei,recipient_parent_duns,recipient_parent_name,recipient_parent_name_raw,recipient_country_code,recipient_country_name,recipient_address_line_1,recipient_address_line_2,recipient_city_name,recipient_county_name,recipient_state_code,recipient_state_name,recipient_zip_4_code,recipient_congressional_district,recipient_phone_number,recipient_fax_number,primary_place_of_performance_country_code,primary_place_of_performance_country_name,primary_place_of_performance_city_name,primary_place_of_performance_county_name,primary_place_of_performance_state_code,primary_place_of_performance_state_name,primary_place_of_performance_zip_4,primary_place_of_performance_congressional_district,award_or_idv_flag,award_type_code,award_type,idv_type_code,idv_type,multiple_or_single_award_idv_code,multiple_or_single_award_idv,type_of_idc_code,type_of_idc,type_of_contract_pricing_code,type_of_contract_pricing,transaction_description,prime_award_base_transaction_description,action_type_code,action_type,solicitation_identifier,number_of_actions,inherently_governmental_functions,inherently_governmental_functions_description,product_or_service_code,product_or_service_code_description,contract_bundling_code,contract_bundling,dod_claimant_program_code,dod_claimant_program_description,naics_code,naics_description,recovered_materials_sustainability_code,recovered_materials_sustainability,domestic_or_foreign_entity_code,domestic_or_foreign_entity,dod_acquisition_program_code,dod_acquisition_program_description,information_technology_commercial_item_category_code,information_technology_commercial_item_category,epa_designated_product_code,epa_designated_product,country_of_product_or_service_origin_code,country_of_product_or_service_origin,place_of_manufacture_code,place_of_manufacture,subcontracting_plan_code,subcontracting_plan,extent_competed_code,extent_competed,solicitation_procedures_code,solicitation_procedures,type_of_set_aside_code,type_of_set_aside,evaluated_preference_code,evaluated_preference,research_code,research,fair_opportunity_limited_sources_code,fair_opportunity_limited_sources,other_than_full_and_open_competition_code,other_than_full_and_open_competition,number_of_offers_received,commercial_item_acquisition_procedures_code,commercial_item_acquisition_procedures,small_business_competitiveness_demonstration_program,simplified_procedures_for_certain_commercial_items_code,simplified_procedures_for_certain_commercial_items,a76_fair_act_action_code,a76_fair_act_action,fed_biz_opps_code,fed_biz_opps,local_area_set_aside_code,local_area_set_aside,price_evaluation_adjustment_preference_percent_difference,clinger_cohen_act_planning_code,clinger_cohen_act_planning,materials_supplies_articles_equipment_code,materials_supplies_articles_equipment,labor_standards_code,labor_standards,construction_wage_rate_requirements_code,construction_wage_rate_requirements,interagency_contracting_authority_code,interagency_contracting_authority,other_statutory_authority,program_acronym,parent_award_type_code,parent_award_type,parent_award_single_or_multiple_code,parent_award_single_or_multiple,major_program,national_interest_action_code,national_interest_action,cost_or_pricing_data_code,cost_or_pricing_data,cost_accounting_standards_clause_code,cost_accounting_standards_clause,government_furnished_property_code,government_furnished_property,sea_transportation_code,sea_transportation,undefinitized_action_code,undefinitized_action,consolidated_contract_code,consolidated_contract,performance_based_service_acquisition_code,performance_based_service_acquisition,multi_year_contract_code,multi_year_contract,contract_financing_code,contract_financing,purchase_card_as_payment_method_code,purchase_card_as_payment_method,contingency_humanitarian_or_peacekeeping_operation_code,contingency_humanitarian_or_peacekeeping_operation,alaskan_native_corporation_owned_firm,american_indian_owned_business,indian_tribe_federally_recognized,native_hawaiian_organization_owned_firm,tribally_owned_firm,veteran_owned_business,service_disabled_veteran_owned_business,woman_owned_business,women_owned_small_business,economically_disadvantaged_women_owned_small_business,joint_venture_women_owned_small_business,joint_venture_economic_disadvantaged_women_owned_small_bus,minority_owned_business,subcontinent_asian_asian_indian_american_owned_business,asian_pacific_american_owned_business,black_american_owned_business,hispanic_american_owned_business,native_american_owned_business,other_minority_owned_business,contracting_officers_determination_of_business_size,contracting_officers_determination_of_business_size_code,emerging_small_business,community_developed_corporation_owned_firm,labor_surplus_area_firm,us_federal_government,federally_funded_research_and_development_corp,federal_agency,us_state_government,us_local_government,city_local_government,county_local_government,inter_municipal_local_government,local_government_owned,municipality_local_government,school_district_local_government,township_local_government,us_tribal_government,foreign_government,organizational_type,corporate_entity_not_tax_exempt,corporate_entity_tax_exempt,partnership_or_limited_liability_partnership,sole_proprietorship,small_agricultural_cooperative,international_organization,us_government_entity,community_development_corporation,domestic_shelter,educational_institution,foundation,hospital_flag,manufacturer_of_goods,veterinary_hospital,hispanic_servicing_institution,receives_contracts,receives_financial_assistance,receives_contracts_and_financial_assistance,airport_authority,council_of_governments,housing_authorities_public_tribal,interstate_entity,planning_commission,port_authority,transit_authority,subchapter_scorporation,limited_liability_corporation,foreign_owned,for_profit_organization,nonprofit_organization,other_not_for_profit_organization,the_ability_one_program,private_university_or_college,state_controlled_institution_of_higher_learning,1862_land_grant_college,1890_land_grant_college,1994_land_grant_college,minority_institution,historically_black_college,tribal_college,alaskan_native_servicing_institution,native_hawaiian_servicing_institution,school_of_forestry,veterinary_college,dot_certified_disadvantage,self_certified_small_disadvantaged_business,small_disadvantaged_business,c8a_program_participant,historically_underutilized_business_zone_hubzone_firm,sba_certified_8a_joint_venture,highly_compensated_officer_1_name,highly_compensated_officer_1_amount,highly_compensated_officer_2_name,highly_compensated_officer_2_amount,highly_compensated_officer_3_name,highly_compensated_officer_3_amount,highly_compensated_officer_4_name,highly_compensated_officer_4_amount,highly_compensated_officer_5_name,highly_compensated_officer_5_amount,usaspending_permalink,last_modified_date
9700_9700_SPE4A622FDR0K_0_SPE4A515D0018_0,CONT_AWD_SPE4A622FDR0K_9700_SPE4A515D0018_9700,SPE4A622FDR0K,0,0,9700,DEPT OF DEFENSE,SPE4A515D0018,0,9.95,9.95,9.95,9.95,9.95,9.95,Q: Excluded from tracking (uses non-emergency/non-disaster designated appropriations),,,,,2022-08-19,2022,2022-08-19,2022-08-22,2022-08-22 00:00:00,,2022-08-19,097,Department of Defense,97AS,Defense Logistics Agency,SPE4A6,DLA AVIATION,097,Department of Defense,97AS,Defense Logistics Agency,SPE4A6,DLA AVIATION,097-X-4930-005,097-4930,26.0: Supplies and materials,0801: REIMBURSABLE,X,NOT APPLICABLE,,,UTJWTSLMFNG4,,SIKORSKY AIRCRAFT CORPORATION,SIKORSKY AIRCRAFT CORPORATION,,78286,ZFN2JJXBLZT3,,LOCKHEED MARTIN CORPORATION,LOCKHEED MARTIN CORPORATION,USA,UNITED STATES,6900 MAIN ST,,STRATFORD,FAIRFIELD,CT,CONNECTICUT,066141378,,2033865105,8606609913,USA,UNITED STATES,STRATFORD,FAIRFIELD,CT,CONNECTICUT,066141378,03,AWARD,C,DELIVERY ORDER,,,,,,,J,FIRM FIXED PRICE,4558157887!GASKET,4558157887!GASKET,,,,1,,,5330,PACKING AND GASKET MATERIALS,H,NOT BUNDLED,C9E,ALL OTHERS NOT IDENTIFIABLE TO ANY OTHER PROCUREMENT PROGRAM,336411,AIRCRAFT MANUFACTURING,C,NO CLAUSES INCLUDED AND NO SUSTAINABILITY INCLUDED,A,U.S. OWNED BUSINESS,000,NONE,Z,NOT IT PRODUCTS OR SERVICES,E,NOT REQUIRED,USA,UNITED STATES,D,MFG IN U.S.,C,PLAN REQUIRED - INCENTIVE NOT INCLUDED,C,NOT COMPETED,SSS,ONLY ONE SOURCE,,,NONE,NO PREFERENCE USED,,,,,ONE,ONLY ONE SOURCE-OTHER (FAR 6.302-1 OTHER),,D,COMMERCIAL PRODUCTS/SERVICES PROCEDURES NOT USED,f,N,NO,N,NO,N,NO,N,NO,,N,NO,Y,YES,X,NOT APPLICABLE,X,NOT APPLICABLE,X,NOT APPLICABLE,,,B,IDC,S,SINGLE AWARD,,NONE,NONE,Y,YES,,,N,TRANSACTION DOES NOT USE GFE/GFP,U,UNKNOWN,X,NO,D,NOT CONSOLIDATED,X,NOT APPLICABLE,N,NO,Z,NOT APPLICABLE,N,NO,X,NOT APPLICABLE,f,f,f,f,f,f,f,f,f,f,f,f,f,f,f,f,f,f,f,OTHER THAN SMALL BUSINESS,O,f,f,f,f,f,f,f,f,f,f,f,f,f,f,f,f,f,CORPORATE NOT TAX EXEMPT,t,f,f,f,f,f,f,f,f,f,f,f,f,f,f,f,f,t,f,f,f,f,f,f,f,f,f,f,t,f,f,f,f,f,f,f,f,f,f,f,f,f,f,f,f,f,f,f,f,f,,,,,,,,,,,https://www.usaspending.gov/award/CONT_AWD_SPE4A622FDR0K_9700_SPE4A515D0018_9700/,2022-09-23
9700_9700_SPE8E322FBFKU_0_SPE8E322D0002_0,CONT_AWD_SPE8E322FBFKU_9700_SPE8E322D0002_9700,SPE8E322FBFKU,0,0,9700,DEPT OF DEFENSE,SPE8E322D0002,0,28.30,28.30,28.30,28.30,28.30,28.30,Q: Excluded from tracking (uses non-emergency/non-disaster designated appropriations),,,,,2022-08-19,2022,2022-08-19,2022-09-02,2022-09-02 00:00:00,,2022-08-19,097,Department of Defense,97AS,Defense Logistics Agency,SPE8E3,DLA TROOP SUPPORT,097,Department of Defense,97AS,Defense Logistics Agency,SPE8E3,DLA TROOP SUPPORT,097-X-4930-005,097-4930,26.0: Supplies and materials,0801: REIMBURSABLE,X,NOT APPLICABLE,,,MA1VZ6667CB1,,SCIENCE APPLICATIONS INTERNATIONAL CORPORATION,SCIENCE APPLICATIONS INTERNATIONAL CORPORATION,,79343,RE7WMNV9L719,,SCIENCE APPLICATIONS INTERNATIONAL CORPORATION,SCIENCE APPLICATIONS INTERNATIONAL CORPORATION,USA,UNITED STATES,155 PASSAIC AVE,,FAIRFIELD,ESSEX,NJ,NEW JERSEY,070043561,,9738084814,,USA,UNITED STATES,FAIRFIELD,ESSEX,NJ,NEW JERSEY,070043561,11,AWARD,C,DELIVERY ORDER,,,,,,,J,FIRM FIXED PRICE,"4558164247!COVER, BLANK, WEATHERPROOF, DOU. GANG, 4","4558164247!COVER, BLANK, WEATHERPROOF, DOU. GANG, 4",,,,1,,,5680,MISCELLANEOUS CONSTRUCTION MATERIALS,H,NOT BUNDLED,C9E,ALL OTHERS NOT IDENTIFIABLE TO ANY OTHER PROCUREMENT PROGRAM,423610,"ELECTRICAL APPARATUS AND EQUIPMENT, WIRING SUPPLIES, AND RELATED EQUIPMENT MERCHANT  WHOLESALERS",C,NO CLAUSES INCLUDED AND NO SUSTAINABILITY INCLUDED,A,U.S. OWNED BUSINESS,000,NONE,Z,NOT IT PRODUCTS OR SERVICES,E,NOT REQUIRED,USA,UNITED STATES,D,MFG IN U.S.,F,INDIVIDUAL SUBCONTRACT PLAN,C,NOT COMPETED,SSS,ONLY ONE SOURCE,,,NONE,NO PREFERENCE USED,,,,,ONE,ONLY ONE SOURCE-OTHER (FAR 6.302-1 OTHER),,A,COMMERCIAL PRODUCTS/SERVICES,f,N,NO,N,NO,N,NO,N,NO,,N,NO,N,NO,N,NO,N,NO,X,NOT APPLICABLE,,,B,IDC,S,SINGLE AWARD,,NONE,NONE,N,NO,,,N,TRANSACTION DOES NOT USE GFE/GFP,U,UNKNOWN,X,NO,D,NOT CONSOLIDATED,X,NOT APPLICABLE,N,NO,Z,NOT APPLICABLE,N,NO,X,NOT APPLICABLE,f,f,f,f,f,f,f,f,f,f,f,f,f,f,f,f,f,f,f,OTHER THAN SMALL BUSINESS,O,f,f,f,f,f,f,f,f,f,f,f,f,f,f,f,f,f,CORPORATE NOT TAX EXEMPT,t,f,f,f,f,f,f,f,f,f,f,f,f,f,f,f,f,t,f,f,f,f,f,f,f,f,f,f,t,f,f,f,f,f,f,f,f,f,f,f,f,f,f,f,f,f,f,f,f,f,,,,,,,,,,,https://www.usaspending.gov/award/CONT_AWD_SPE8E322FBFKU_9700_SPE8E322D0002_9700/,2022-09-29
9700_9700_SPE8ES22F71UZ_0_SPE8EG19D0103_0,CONT_AWD_SPE8ES22F71UZ_9700_SPE8EG19D0103_9700,SPE8ES22F71UZ,0,0,9700,DEPT OF DEFENSE,SPE8EG19D0103,0,86.44,86.44,86.44,86.44,86.44,86.44,Q: Excluded from tracking (uses non-emergency/non-disaster designated appropriations),,,,,2022-08-19,2022,2022-08-19,2022-09-09,2022-09-09 00:00:00,,,097,Department of Defense,97AS,Defense Logistics Agency,SPE8ES,DLA TROOP SUPPORT,097,Department of Defense,97AS,Defense Logistics Agency,SPE8ES,DLA TROOP SUPPORT,097-X-4930-005,097-4930,26.0: Supplies and materials,0801: REIMBURSABLE,X,NOT APPLICABLE,,,MA1VZ6667CB1,,SCIENCE APPLICATIONS INTERNATIONAL CORPORATION,SCIENCE APPLICATIONS INTERNATIONAL CORPORATION,,79343,RE7WMNV9L719,,SCIENCE APPLICATIONS INTERNATIONAL CORPORATION,SCIENCE APPLICATIONS INTERNATIONAL CORPORATION,USA,UNITED STATES,155 PASSAIC AVE,,FAIRFIELD,ESSEX,NJ,NEW JERSEY,070043561,,9738084792,,USA,UNITED STATES,FAIRFIELD,ESSEX,NJ,NEW JERSEY,070043561,11,AWARD,C,DELIVERY ORDER,,,,,,,K,FIXED PRICE WITH ECONOMIC PRICE ADJUSTMENT,8509329110!SEALING COMPOUND,8509329110!SEALING COMPOUND,,,,1,,,8030,PRESERVATIVE AND SEALING COMPOUNDS,H,NOT BUNDLED,C9E,ALL OTHERS NOT IDENTIFIABLE TO ANY OTHER PROCUREMENT PROGRAM,332312,FABRICATED STRUCTURAL METAL MANUFACTURING,C,NO CLAUSES INCLUDED AND NO SUSTAINABILITY INCLUDED,A,U.S. OWNED BUSINESS,000,NONE,Z,NOT IT PRODUCTS OR SERVICES,E,NOT REQUIRED,USA,UNITED STATES,D,MFG IN U.S.,G,COMMERCIAL SUBCONTRACT PLAN,A,FULL AND OPEN COMPETITION,NP,NEGOTIATED PROPOSAL/QUOTE,,,NONE,NO PREFERENCE USED,,,,,,,,A,COMMERCIAL PRODUCTS/SERVICES,f,N,NO,N,NO,Y,YES,N,NO,,N,NO,X,NOT APPLICABLE,X,NOT APPLICABLE,X,NOT APPLICABLE,X,NOT APPLICABLE,,,B,IDC,S,SINGLE AWARD,,NONE,NONE,N,NO,,,N,TRANSACTION DOES NOT USE GFE/GFP,U,UNKNOWN,X,NO,D,NOT CONSOLIDATED,X,NOT APPLICABLE,N,NO,Z,NOT APPLICABLE,N,NO,X,NOT APPLICABLE,f,f,f,f,f,f,f,f,f,f,f,f,f,f,f,f,f,f,f,OTHER THAN SMALL BUSINESS,O,f,f,f,f,f,f,f,f,f,f,f,f,f,f,f,f,f,CORPORATE NOT TAX EXEMPT,t,f,f,f,f,f,f,f,f,f,f,f,f,f,f,f,f,t,f,f,f,f,f,f,f,f,f,f,t,f,f,f,f,f,f,f,f,f,f,f,f,f,f,f,f,f,f,f,f,f,,,,,,,,,,,https://www.usaspending.gov/award/CONT_AWD_SPE8ES22F71UZ_9700_SPE8EG19D0103_9700/,2022-09-24
9700_9700_SPE8ES22F72CC_0_SPE8EG19D0103_0,CONT_AWD_SPE8ES22F72CC_9700_SPE8EG19D0103_9700,SPE8ES22F72CC,0,0,9700,DEPT OF DEFENSE,SPE8EG19D0103,0,44.21,44.21,44.21,44.21,44.21,44.21,Q: Excluded from tracking (uses non-emergency/non-disaster designated appropriations),,,,,2022-08-19,2022,2022-08-19,2022-09-09,2022-09-09 00:00:00,,,097,Department of Defense,97AS,Defense Logistics Agency,SPE8ES,DLA TROOP SUPPORT,097,Department of Defense,97AS,Defense Logistics Agency,SPE8ES,DLA TROOP SUPPORT,097-X-4930-005,097-4930,26.0: Supplies and materials,0801: REIMBURSABLE,X,NOT APPLICABLE,,,MA1VZ6667CB1,,SCIENCE APPLICATIONS INTERNATIONAL CORPORATION,SCIENCE APPLICATIONS INTERNATIONAL CORPORATION,,79343,RE7WMNV9L719,,SCIENCE APPLICATIONS INTERNATIONAL CORPORATION,SCIENCE APPLICATIONS INTERNATIONAL CORPORATION,USA,UNITED STATES,155 PASSAIC AVE,,FAIRFIELD,ESSEX,NJ,NEW JERSEY,070043561,,9738084792,,USA,UNITED STATES,FAIRFIELD,ESSEX,NJ,NEW JERSEY,070043561,11,AWARD,C,DELIVERY ORDER,,,,,,,K,FIXED PRICE WITH ECONOMIC PRICE ADJUSTMENT,8509330056!POLYURETHANE COATIN,8509330056!POLYURETHANE COATIN,,,,1,,,8010,"PAINTS, DOPES, VARNISHES, AND RELATED PRODUCTS",H,NOT BUNDLED,C9E,ALL OTHERS NOT IDENTIFIABLE TO ANY OTHER PROCUREMENT PROGRAM,332312,FABRICATED STRUCTURAL METAL MANUFACTURING,C,NO CLAUSES INCLUDED AND NO SUSTAINABILITY INCLUDED,A,U.S. OWNED BUSINESS,000,NONE,Z,NOT IT PRODUCTS OR SERVICES,E,NOT REQUIRED,USA,UNITED STATES,D,MFG IN U.S.,G,COMMERCIAL SUBCONTRACT PLAN,A,FULL AND OPEN COMPETITION,NP,NEGOTIATED PROPOSAL/QUOTE,,,NONE,NO PREFERENCE USED,,,,,,,,A,COMMERCIAL PRODUCTS/SERVICES,f,N,NO,N,NO,Y,YES,N,NO,,N,NO,X,NOT APPLICABLE,X,NOT APPLICABLE,X,NOT APPLICABLE,X,NOT APPLICABLE,,,B,IDC,S,SINGLE AWARD,,NONE,NONE,N,NO,,,N,TRANSACTION DOES NOT USE GFE/GFP,U,UNKNOWN,X,NO,D,NOT CONSOLIDATED,X,NOT APPLICABLE,N,NO,Z,NOT APPLICABLE,N,NO,X,NOT APPLICABLE,f,f,f,f,f,f,f,f,f,f,f,f,f,f,f,f,f,f,f,OTHER THAN SMALL BUSINESS,O,f,f,f,f,f,f,f,f,f,f,f,f,f,f,f,f,f,CORPORATE NOT TAX EXEMPT,t,f,f,f,f,f,f,f,f,f,f,f,f,f,f,f,f,t,f,f,f,f,f,f,f,f,f,f,t,f,f,f,f,f,f,f,f,f,f,f,f,f,f,f,f,f,f,f,f,f,,,,,,,,,,,https://www.usaspending.gov/award/CONT_AWD_SPE8ES22F72CC_9700_SPE8EG19D0103_9700/,2022-09-10
9700_9700_SPRWA122F0046_0_SPRWA117D0003_0,CONT_AWD_SPRWA122F0046_9700_SPRWA117D0003_9700,SPRWA122F0046,0,0,9700,DEPT OF DEFENSE,SPRWA117D0003,ARZ998,1236354.00,1236354.00,1236354.00,1236354.00,1236354.00,1236354.00,,,,,,2022-08-19,2022,2022-08-19,2023-06-17,2023-06-17 00:00:00,,2022-08-19,097,Department of Defense,97AS,Defense Logistics Agency,SPRWA1,"DLA AVIATION AT WARNER ROBINS, GA",097,Department of Defense,5700,Department of the Air Force,F3QL02,F3QL02 407 SCMS,,,,,X,NOT APPLICABLE,,,YYKNHCKK15C3,,"TELEDYNE DEFENSE ELECTRONICS, LLC","TELEDYNE DEFENSE ELECTRONICS, LLC",,99747,SQ2DSCE69F15,,TELEDYNE TECHNOLOGIES INCORPORATED,TELEDYNE DEFENSE ELECTRONICS  LLC,USA,UNITED STATES,1001 KNOX ST,,TORRANCE,LOS ANGELES,CA,CALIFORNIA,905021030,43,3105773878,,USA,UNITED STATES,LOS ANGELES,LOS ANGELES,CA,CALIFORNIA,900666715,33,AWARD,C,DELIVERY ORDER,,,,,,,J,FIRM FIXED PRICE,"CABLE ASSEMBLY,SPEC","CABLE ASSEMBLY,SPEC",,,,1,,,6150,MISCELLANEOUS ELECTRIC POWER AND DISTRIBUTION EQUIPMENT,H,NOT BUNDLED,A1C,OTHER AIRCRAFT EQUIPMENT,334511,"SEARCH, DETECTION, NAVIGATION, GUIDANCE, AERONAUTICAL, AND NAUTICAL SYSTEM AND INSTRUMENT MANUFACTURING",C,NO CLAUSES INCLUDED AND NO SUSTAINABILITY INCLUDED,A,U.S. OWNED BUSINESS,000,NONE,Z,NOT IT PRODUCTS OR SERVICES,E,NOT REQUIRED,USA,UNITED STATES,D,MFG IN U.S.,F,INDIVIDUAL SUBCONTRACT PLAN,C,NOT COMPETED,SSS,ONLY ONE SOURCE,,,NONE,NO PREFERENCE USED,,,,,ONE,ONLY ONE SOURCE-OTHER (FAR 6.302-1 OTHER),,D,COMMERCIAL PRODUCTS/SERVICES PROCEDURES NOT USED,f,N,NO,N,NO,X,NOT APPLICABLE,N,NO,,N,NO,Y,YES,X,NOT APPLICABLE,X,NOT APPLICABLE,X,NOT APPLICABLE,,,B,IDC,S,SINGLE AWARD,,NONE,NONE,Y,YES,,,N,TRANSACTION DOES NOT USE GFE/GFP,N,NO,X,NO,D,NOT CONSOLIDATED,X,NOT APPLICABLE,N,NO,Z,NOT APPLICABLE,N,NO,X,NOT APPLICABLE,f,f,f,f,f,f,f,f,f,f,f,f,f,f,f,f,f,f,f,OTHER THAN SMALL BUSINESS,O,f,f,f,f,f,f,f,f,f,f,f,f,f,f,f,f,f,CORPORATE NOT TAX EXEMPT,t,f,f,f,f,f,f,f,f,f,f,f,f,f,f,f,f,t,f,f,f,f,f,f,f,f,t,f,t,f,f,f,f,f,f,f,f,f,f,f,f,f,f,f,f,f,f,f,f,f,,,,,,,,,,,https://www.usaspending.gov/award/CONT_AWD_SPRWA122F0046_9700_SPRWA117D0003_9700/,2023-01-27
9700_-NONE-_SPE4A620D5040_P00005_-NONE-_-NONE-,CONT_IDV_SPE4A620D5040_9700,SPE4A620D5040,P00005,,,,,,0.00,0.00,,,0.00,250000.00,,,,,,2022-08-19,2022,2019-10-11,,,2024-10-10,2019-09-11,097,Department of Defense,97AS,Defense Logistics Agency,SPE4A6,DLA AVIATION,097,Department of Defense,97AS,Defense Logistics Agency,SPE4A6,DLA AVIATION,,,,,X,NOT APPLICABLE,,,KAMJDTMEP5H1,,"REUBEN BURTON, INCORPORATED",REUBEN BURTON INC,,2U475,KAMJDTMEP5H1,,"REUBEN BURTON, INCORPORATED",REUBEN BURTON INC,USA,UNITED STATES,645 N INDEPENDENT DR,,MONTROSS,WESTMORELAND,VA,VIRGINIA,225208535,01,8044938035,8044939835,,,,,,,,,IDV,,,B,IDC,S,SINGLE AWARD,B,INDEFINITE DELIVERY / INDEFINITE QUANTITY,J,FIRM FIXED PRICE,4610051112!INSULATION SLEEVING,4610051112!INSULATION SLEEVING,G,EXERCISE AN OPTION,SPE4A619RXD93,,,,5970,ELECTRICAL INSULATORS AND INSULATING MATERIALS,H,NOT BUNDLED,A1C,OTHER AIRCRAFT EQUIPMENT,335999,ALL OTHER MISCELLANEOUS ELECTRICAL EQUIPMENT AND COMPONENT MANUFACTURING,C,NO CLAUSES INCLUDED AND NO SUSTAINABILITY INCLUDED,A,U.S. OWNED BUSINESS,,,,,,,,,,,B,PLAN NOT REQUIRED,F,COMPETED UNDER SAP,SP1,SIMPLIFIED ACQUISITION,SBA,SMALL BUSINESS SET ASIDE - TOTAL,NONE,NO PREFERENCE USED,,,,,,,1,D,COMMERCIAL PRODUCTS/SERVICES PROCEDURES NOT USED,f,N,NO,N,NO,N,NO,N,NO,,N,NO,X,NOT APPLICABLE,X,NOT APPLICABLE,X,NOT APPLICABLE,X,NOT APPLICABLE,,,,,,,,NONE,NONE,N,NO,X,NOT APPLICABLE EXEMPT FROM CAS,N,TRANSACTION DOES NOT USE GFE/GFP,U,UNKNOWN,X,NO,D,NOT CONSOLIDATED,X,NOT APPLICABLE,N,NO,,,,,X,NOT APPLICABLE,f,f,f,f,f,f,f,f,f,f,f,f,f,f,f,f,f,f,f,SMALL BUSINESS,S,f,f,f,f,f,f,f,f,f,f,f,f,f,f,f,f,f,CORPORATE NOT TAX EXEMPT,t,f,f,f,f,f,f,f,f,f,f,f,t,f,f,f,f,t,f,f,f,f,f,f,f,f,f,f,t,f,f,f,f,f,f,f,f,f,f,f,f,f,f,f,f,f,f,f,f,f,,,,,,,,,,,https://www.usaspending.gov/award/CONT_IDV_SPE4A620D5040_9700/,2022-08-19
9700_9700_SP450022F3973_P00001_SP450022D0007_0,CONT_AWD_SP450022F3973_9700_SP450022D0007_9700,SP450022F3973,P00001,0,9700,DEPT OF DEFENSE,SP450022D0007,0,-1813.11,4454.14,-1813.11,4454.14,-1813.11,4454.14,Q: Excluded from tracking (uses non-emergency/non-disaster designated appropriations),,,,,2022-08-19,2022,2022-04-05,2023-02-20,2023-02-20 00:00:00,,,097,Department of Defense,97AS,Defense Logistics Agency,SP4500,DLA DISPOSTION SERVICE - EBS,097,Department of Defense,97AS,Defense Logistics Agency,SP4500,DLA DISPOSTION SERVICE - EBS,097-X-4930-005,097-4930,25.2: Other services from non-Federal sources,0801: REIMBURSABLE,X,NOT APPLICABLE,,,TNZ1LFVC7AF1,,"INDUSTRIAL WASTE UTILIZATION, INC.","INDUSTRIAL WASTE UTILIZATION, INC.",,1QAR9,TNZ1LFVC7AF1,,"INDUSTRIAL WASTE UTILIZATION, INC.",INDUSTRIAL WASTE UTILIZATION  INC.,USA,UNITED STATES,5601 STATE ST.,,MONTCLAIR,SAN BERNARDINO,CA,CALIFORNIA,917636241,35,9099849984,9099841510,USA,UNITED STATES,BARSTOW,SAN BERNARDINO,CA,CALIFORNIA,923115013,08,AWARD,C,DELIVERY ORDER,,,,,,,J,FIRM FIXED PRICE,8509002056!LP06C3,8509002056!LP06C3,B,SUPPLEMENTAL AGREEMENT FOR WORK WITHIN SCOPE,,1,OT,OTHER FUNCTIONS,S222,HOUSEKEEPING- WASTE TREATMENT/STORAGE,H,NOT BUNDLED,S1,SERVICES,562211,HAZARDOUS WASTE TREATMENT AND DISPOSAL,C,NO CLAUSES INCLUDED AND NO SUSTAINABILITY INCLUDED,A,U.S. OWNED BUSINESS,000,NONE,Z,NOT IT PRODUCTS OR SERVICES,E,NOT REQUIRED,USA,UNITED STATES,C,NOT A MANUFACTURED END PRODUCT,B,PLAN NOT REQUIRED,A,FULL AND OPEN COMPETITION,NP,NEGOTIATED PROPOSAL/QUOTE,,,NONE,NO PREFERENCE USED,,,,,,,,A,COMMERCIAL PRODUCTS/SERVICES,f,N,NO,N,NO,Y,YES,N,NO,,N,NO,N,NO,Y,YES,X,NOT APPLICABLE,X,NOT APPLICABLE,,,B,IDC,S,SINGLE AWARD,,NONE,NONE,N,NO,,,N,TRANSACTION DOES NOT USE GFE/GFP,U,UNKNOWN,X,NO,D,NOT CONSOLIDATED,Y,YES - SERVICE WHERE PBA IS USED.,Y,YES,Z,NOT APPLICABLE,N,NO,X,NOT APPLICABLE,f,f,f,f,f,f,f,f,f,f,f,f,f,f,f,f,f,f,f,SMALL BUSINESS,S,f,f,f,f,f,f,f,f,f,f,f,f,f,f,f,f,f,CORPORATE NOT TAX EXEMPT,t,f,f,f,f,f,f,f,f,f,f,f,f,f,f,f,f,t,f,f,f,f,f,f,f,f,f,f,t,f,f,f,f,f,f,f,f,f,f,f,f,f,f,f,f,f,f,f,f,f,,,,,,,,,,,https://www.usaspending.gov/award/CONT_AWD_SP450022F3973_9700_SP450022D0007_9700/,2022-08-19
4732_4732_47QSMA22F10G0_P00001_47QSMA19A08N7_0,CONT_AWD_47QSMA22F10G0_4732_47QSMA19A08N7_4732,47QSMA22F10G0,P00001,0,4732,FEDERAL ACQUISITION SERVICE,47QSMA19A08N7,PS0012,-2579.54,0.00,-2579.54,0.00,-2579.54,0.00,,,,,,2022-08-19,2022,2022-05-01,2022-08-19,2022-08-19 00:00:00,,2022-05-01,047,General Services Administration,4732,Federal Acquisition Service,47QSMA,GSA/FAS FURNITURE SYSTEMS MGT DIV,047,General Services Administration,4732,Federal Acquisition Service,47QSMA,GSA/FAS FURNITURE SYSTEMS MGT DIV,,,,,X,NOT APPLICABLE,,,EYB2S42WZ971,,"INDIANA FURNITURE INDUSTRIES, INC.","INDIANA FURNITURE INDUSTRIES, INC.",,30469,EYB2S42WZ971,,"INDIANA FURNITURE INDUSTRIES, INC.",INDIANA FURNITURE INDUSTRIES  INC.,USA,UNITED STATES,1224 MILL ST,,JASPER,DUBOIS,IN,INDIANA,475462852,08,8124825727,8124829035,USA,UNITED STATES,JASPER,DUBOIS,IN,INDIANA,475462582,08,AWARD,A,BPA CALL,,,,,,,J,FIRM FIXED PRICE,"TABLE,OFFICE","TABLE,OFFICE",F,TERMINATE FOR CONVENIENCE (COMPLETE OR PARTIAL),,1,,,7110,OFFICE FURNITURE,H,NOT BUNDLED,,,337214,OFFICE FURNITURE (EXCEPT WOOD) MANUFACTURING,C,NO CLAUSES INCLUDED AND NO SUSTAINABILITY INCLUDED,A,U.S. OWNED BUSINESS,,,,,E,NOT REQUIRED,USA,UNITED STATES,D,MFG IN U.S.,,,A,FULL AND OPEN COMPETITION,MAFO,SUBJECT TO MULTIPLE AWARD FAIR OPPORTUNITY,,,NONE,NO PREFERENCE USED,,,FAIR,FAIR OPPORTUNITY GIVEN,,,,A,COMMERCIAL PRODUCTS/SERVICES,f,N,NO,N,NO,,,N,NO,,Y,YES,X,NOT APPLICABLE,X,NOT APPLICABLE,X,NOT APPLICABLE,X,NOT APPLICABLE,,,E,BPA,S,SINGLE AWARD,IWACENTER,NONE,NONE,,,,,N,TRANSACTION DOES NOT USE GFE/GFP,,,X,NO,D,NOT CONSOLIDATED,X,NOT APPLICABLE,,,,,N,NO,X,NOT APPLICABLE,f,f,f,f,f,f,f,f,f,f,f,f,f,f,f,f,f,f,f,SMALL BUSINESS,S,f,f,f,f,f,f,f,f,f,f,f,f,f,f,f,f,f,CORPORATE NOT TAX EXEMPT,t,f,f,f,f,f,f,f,f,f,f,f,t,f,f,f,f,t,f,f,f,f,f,f,f,f,f,f,t,f,f,f,f,f,f,f,f,f,f,f,f,f,f,f,f,f,f,f,f,f,,,,,,,,,,,https://www.usaspending.gov/award/CONT_AWD_47QSMA22F10G0_4732_47QSMA19A08N7_4732/,2023-04-05
9700_9700_W911N222F0692_0_W911N219A0010_0,CONT_AWD_W911N222F0692_9700_W911N219A0010_9700,W911N222F0692,0,0,9700,DEPT OF DEFENSE,W911N219A0010,0,875.00,875.00,875.00,875.00,875.00,875.00,Q: Excluded from tracking (uses non-emergency/non-disaster designated appropriations),,,,,2022-08-19,2022,2022-08-22,2022-09-14,2022-09-14 00:00:00,,2022-07-28,097,Department of Defense,2100,Department of the Army,W911N2,W6QK LAD CONTR OFF,097,Department of Defense,2100,Department of the Army,W25G1Q,U S ARMY DEPOT LETTERKENNY,097-X-4930-001,097-4930,26.0: Supplies and materials,0801: REIMBURSABLE,X,NOT APPLICABLE,,,G11WN3JARNJ5,,DELAIRE U.S.A. INC.,DELAIRE U.S.A. INC.,,1TQE9,G11WN3JARNJ5,,DELAIRE U.S.A. INC.,DELAIRE U.S.A. INC.,USA,UNITED STATES,1913 ATLANTIC AVE STE R1,,MANASQUAN,MONMOUTH,NJ,NEW JERSEY,087361029,04,7325284520,7325284521,USA,UNITED STATES,MANASQUAN,MONMOUTH,NJ,NEW JERSEY,087361029,04,AWARD,A,BPA CALL,,,,,,,J,FIRM FIXED PRICE,PROVIDE VARIOUS CABLE AND HARNESS PARTS FOR THE FABRICATION REPAIR/PROCESS OF MATERIALS IN SUPPORT OF THE CABLE AND HARNESS PROGRAM LOCATED AT LETTERKENNY ARMY DEPOT.,PROVIDE VARIOUS CABLE AND HARNESS PARTS FOR THE FABRICATION REPAIR/PROCESS OF MATERIALS IN SUPPORT OF THE CABLE AND HARNESS PROGRAM LOCATED AT LETTERKENNY ARMY DEPOT.,,,,1,,,5970,ELECTRICAL INSULATORS AND INSULATING MATERIALS,H,NOT BUNDLED,A7,ELECTRONICS AND COMMUNICATION EQUIPMENT,335929,OTHER COMMUNICATION AND ENERGY WIRE MANUFACTURING,C,NO CLAUSES INCLUDED AND NO SUSTAINABILITY INCLUDED,A,U.S. OWNED BUSINESS,471,AMPV,Z,NOT IT PRODUCTS OR SERVICES,A,MEETS REQUIREMENTS,USA,UNITED STATES,D,MFG IN U.S.,B,PLAN NOT REQUIRED,F,COMPETED UNDER SAP,SP1,SIMPLIFIED ACQUISITION,SBA,SMALL BUSINESS SET ASIDE - TOTAL,NONE,NO PREFERENCE USED,,,,,,,2,A,COMMERCIAL PRODUCTS/SERVICES,f,N,NO,N,NO,X,NOT APPLICABLE,N,NO,,N,NO,X,NOT APPLICABLE,X,NOT APPLICABLE,X,NOT APPLICABLE,X,NOT APPLICABLE,,,E,BPA,S,SINGLE AWARD,,NONE,NONE,N,NO,,,N,TRANSACTION DOES NOT USE GFE/GFP,U,UNKNOWN,X,NO,D,NOT CONSOLIDATED,X,NOT APPLICABLE,,,Z,NOT APPLICABLE,N,NO,X,NOT APPLICABLE,f,f,f,f,f,f,f,t,t,f,f,f,f,f,f,f,f,f,f,SMALL BUSINESS,S,f,f,f,f,f,f,f,f,f,f,f,f,f,f,f,f,f,CORPORATE NOT TAX EXEMPT,t,f,f,f,f,f,f,f,f,f,f,f,f,f,f,f,f,t,f,f,f,f,f,f,f,t,f,f,t,f,f,f,f,f,f,f,f,f,f,f,f,f,f,f,t,t,f,f,f,f,,,,,,,,,,,https://www.usaspending.gov/award/CONT_AWD_W911N222F0692_9700_W911N219A0010_9700/,2022-08-19
9700_-NONE-_N0010422PXC55_0_-NONE-_0,CONT_AWD_N0010422PXC55_9700_-NONE-_-NONE-,N0010422PXC55,0,0,,,,,204746.05,204746.05,204746.05,204746.05,204746.05,204746.05,,,,,,2022-08-19,2022,2022-08-19,2023-05-16,2023-05-16 00:00:00,,,097,Department of Defense,1700,Department of the Navy,N00104,NAVSUP WEAPON SYSTEMS SUPPORT MECH,097,Department of Defense,1700,Department of the Navy,N00104,NAVSUP WEAPON SYSTEMS SUPPORT MECH,,,,,X,NOT APPLICABLE,,,JA2KCX21NL48,,WARTSILA DEFENSE INC,"WARTSILA DEFENSE, INC.",,0EYA6,GCWKULHML2S3,,WÄRTSILÄ OYJ ABP,WARTSILA DEFENSE  INC.,USA,UNITED STATES,3617 KOPPENS WAY,,CHESAPEAKE,CHESAPEAKE (CITY),VA,VIRGINIA,233232531,03,7579665426,7574851432,USA,UNITED STATES,CHESAPEAKE,CHESAPEAKE CITY,VA,VIRGINIA,233232531,03,AWARD,B,PURCHASE ORDER,,,,,,,J,FIRM FIXED PRICE,"CYLINDER ASSEMBLY,A","CYLINDER ASSEMBLY,A",,,N0010422QXB79,1,OT,OTHER FUNCTIONS,3040,MISCELLANEOUS POWER TRANSMISSION EQUIPMENT,H,NOT BUNDLED,A3,SHIPS,333613,MECHANICAL POWER TRANSMISSION EQUIPMENT MANUFACTURING,C,NO CLAUSES INCLUDED AND NO SUSTAINABILITY INCLUDED,C,FOREIGN-OWNED BUSINESS INCORPORATED IN THE U.S.,000,NONE,Z,NOT IT PRODUCTS OR SERVICES,E,NOT REQUIRED,USA,UNITED STATES,D,MFG IN U.S.,A,PLAN NOT INCLUDED - NO SUBCONTRACTING POSSIBILITIES,C,NOT COMPETED,SSS,ONLY ONE SOURCE,NONE,NO SET ASIDE USED.,NONE,NO PREFERENCE USED,,,,,ONE,ONLY ONE SOURCE-OTHER (FAR 6.302-1 OTHER),1,D,COMMERCIAL PRODUCTS/SERVICES PROCEDURES NOT USED,f,N,NO,N,NO,Y,YES,N,NO,,N,NO,X,NOT APPLICABLE,N,NO,X,NOT APPLICABLE,X,NOT APPLICABLE,,,,,,,,NONE,NONE,,,,,N,TRANSACTION DOES NOT USE GFE/GFP,N,NO,X,NO,D,NOT CONSOLIDATED,X,NOT APPLICABLE,,,Z,NOT APPLICABLE,N,NO,X,NOT APPLICABLE,f,f,f,f,f,f,f,f,f,f,f,f,f,f,f,f,f,f,f,OTHER THAN SMALL BUSINESS,O,f,f,f,f,f,f,f,f,f,f,f,f,f,f,f,f,f,CORPORATE NOT TAX EXEMPT,t,f,f,f,f,f,f,f,f,f,f,f,t,f,f,f,f,t,f,f,f,f,f,f,f,f,f,t,t,f,f,f,f,f,f,f,f,f,f,f,f,f,f,f,f,f,f,f,f,f,,,,,,,,,,,https://www.usaspending.gov/award/CONT_AWD_N0010422PXC55_9700_-NONE-_-NONE-/,2023-04-02
3600_3600_36C78621N0474_P00001_36C78619D0171_0,CONT_AWD_36C78621N0474_3600_36C78619D0171_3600,36C78621N0474,P00001,0,3600,"VETERANS AFFAIRS, DEPARTMENT OF",36C78619D0171,0,-6046.31,79735.20,-6046.31,79735.20,-6046.31,79735.20,Q: Excluded from tracking (uses non-emergency/non-disaster designated appropriations),,,,,2022-08-19,2022,2020-10-01,2021-09-30,2021-09-30 00:00:00,,,036,Department of Veterans Affairs,3600,Department of Veterans Affairs,36C786,NATIONAL CEMETERY ADMIN (36C786),036,Department of Veterans Affairs,3600,Department of Veterans Affairs,36C786,NATIONAL CEMETERY ADMIN (36C786),036-2021/2021-0129-000,036-0129,25.2: Other services from non-Federal sources;25.4: Operation and maintenance of facilities,0201: OPERATIONS AND MAINTENANCE,X,NOT APPLICABLE,,,RZDNMLWD95E5,,GCH CONSTRUCTION COMPANY,GCH CONSTRUCTION COMPANY,,5VJ38,RZDNMLWD95E5,,GCH CONSTRUCTION COMPANY,GCH CONSTRUCTION COMPANY,USA,UNITED STATES,4496 BENTS DR UNIT C,,WINDSOR,LARIMER,CO,COLORADO,805508017,02,7194338661,7195983369,USA,UNITED STATES,WINDSOR,LARIMER,CO,COLORADO,805508017,02,AWARD,C,DELIVERY ORDER,,,,,,,J,FIRM FIXED PRICE,"MOD TO DEOB REMAINING FUNDS FOR FULL CEMETERY OPERATION SUPPORT SERVICES FOR FORT LYON NATIONAL CEMETERY IN LAS ANIMAS, COLORADO.","FULL CEMETERY OPERATION SUPPORT SERVICES FOR FORT LYON NATIONAL CEMETERY IN LAS ANIMAS, COLORADO.  OPTION YEAR 1",C,FUNDING ONLY ACTION,,1,OT,OTHER FUNCTIONS,S208,HOUSEKEEPING- LANDSCAPING/GROUNDSKEEPING,H,NOT BUNDLED,,,812220,CEMETERIES AND CREMATORIES,L,FAR 52.223-4 & BIO-BASED & ENERGY EFFICIENT & ENVIRONMENTALLY PREFERABLE,A,U.S. OWNED BUSINESS,,,,,A,MEETS REQUIREMENTS,USA,UNITED STATES,C,NOT A MANUFACTURED END PRODUCT,B,PLAN NOT REQUIRED,D,FULL AND OPEN COMPETITION AFTER EXCLUSION OF SOURCES,NP,NEGOTIATED PROPOSAL/QUOTE,,,NONE,NO PREFERENCE USED,,,,,,,,A,COMMERCIAL PRODUCTS/SERVICES,f,N,NO,N,NO,Y,YES,N,NO,,N,NO,X,NOT APPLICABLE,Y,YES,X,NOT APPLICABLE,X,NOT APPLICABLE,,,B,IDC,S,SINGLE AWARD,,NONE,NONE,N,NO,,,N,TRANSACTION DOES NOT USE GFE/GFP,,,X,NO,D,NOT CONSOLIDATED,Y,YES - SERVICE WHERE PBA IS USED.,N,NO,,,N,NO,X,NOT APPLICABLE,f,f,f,f,f,t,t,f,f,f,f,f,f,f,f,f,f,f,f,SMALL BUSINESS,S,f,f,f,f,f,f,f,f,f,f,f,f,f,f,f,f,f,CORPORATE NOT TAX EXEMPT,t,f,f,f,f,f,f,f,f,f,f,f,f,f,f,f,f,t,f,f,f,f,f,f,f,t,f,f,t,f,f,f,f,f,f,f,f,f,f,f,f,f,f,f,f,f,f,f,f,f,,,,,,,,,,,https://www.usaspending.gov/award/CONT_AWD_36C78621N0474_3600_36C78619D0171_3600/,2022-08-19
7008_7008_70Z0G319FPBZ05100_P00008_70Z0G319APBY04100_0,CONT_AWD_70Z0G319FPBZ05100_7008_70Z0G319APBY04100_7008,70Z0G319FPBZ05100,P00008,0,7008,U.S. COAST GUARD,70Z0G319APBY04100,A00001,0.00,5993721.60,0.00,6295699.20,0.00,8226080.00,Q: Excluded from tracking (uses non-emergency/non-disaster designated appropriations),,,,,2022-08-19,2022,2019-09-12,2023-09-11,2024-09-11 00:00:00,,2018-12-21,070,Department of Homeland Security,7008,U.S. Coast Guard,70Z079,C5I DIVISION 1 ALEXANDRIA,070,Department of Homeland Security,7008,U.S. Coast Guard,70Z00P,DEPUTY COMDT 4 MISSION SUPP WASH DC,070-2019/2019-0610-000;070-2020/2020-0610-000;070-2021/2021-0610-000,070-0610,25.1: Advisory and assistance services;25.7: Operation and maintenance of equipment,0004: OPERATING FUNDS AND UNIT LEVEL MAINTENANCE;0006: INTERMEDIATE AND DEPOT LEVEL MAINTENANCE;OPTN: FIELD IS OPTIONAL PRIOR TO FY21,X,NOT APPLICABLE,,,YPMML8M41ZF4,,TELESOLV CONSULTING INC.,"TELESOLV CONSULTING, LLC",,36TX1,YPMML8M41ZF4,,TELESOLV CONSULTING INC.,TELESOLV CONSULTING  LLC,USA,UNITED STATES,"1325 18TH STREET NW, SUITE 204",,WASHINGTON,DISTRICT OF COLUMBIA,DC,DISTRICT OF COLUMBIA,200366501,98,2026692382,2025213552,USA,UNITED STATES,ALEXANDRIA,LOUDOUN,VA,VIRGINIA,205987300,10,AWARD,A,BPA CALL,,,,,,,J,FIRM FIXED PRICE,ADMINISTRATIVE CHANGE TO FIX CLIN STRUCTURE TO OPTION PERIOD THREE,PROJECT MANAGEMENT SUPPORT SERVICES.,M,OTHER ADMINISTRATIVE ACTION,70Z0G319QPBY04100,1,OT,OTHER FUNCTIONS,R405,SUPPORT- PROFESSIONAL: OPERATIONS RESEARCH/QUANTITATIVE ANALYSIS,H,NOT BUNDLED,,,541611,ADMINISTRATIVE MANAGEMENT AND GENERAL MANAGEMENT CONSULTING SERVICES,C,NO CLAUSES INCLUDED AND NO SUSTAINABILITY INCLUDED,,,,,,,E,NOT REQUIRED,USA,UNITED STATES,C,NOT A MANUFACTURED END PRODUCT,,,A,FULL AND OPEN COMPETITION,MAFO,SUBJECT TO MULTIPLE AWARD FAIR OPPORTUNITY,,,NONE,NO PREFERENCE USED,,,CSA,COMPETITIVE SET ASIDE,,,,A,COMMERCIAL PRODUCTS/SERVICES,f,,,N,NO,X,NOT APPLICABLE,N,NO,,N,NO,X,NOT APPLICABLE,X,NOT APPLICABLE,X,NOT APPLICABLE,X,NOT APPLICABLE,,,E,BPA,S,SINGLE AWARD,,NONE,NONE,N,NO,,,N,TRANSACTION DOES NOT USE GFE/GFP,,,X,NO,D,NOT CONSOLIDATED,N,NO - SERVICE WHERE PBA IS NOT USED.,,,Z,NOT APPLICABLE,N,NO,X,NOT APPLICABLE,f,f,f,f,f,t,t,f,f,f,f,f,t,f,f,t,f,f,f,SMALL BUSINESS,S,f,f,f,f,f,f,f,f,f,f,f,f,f,f,f,f,f,,f,f,f,f,f,f,f,f,f,f,f,f,f,f,f,f,f,f,f,f,f,f,f,f,f,f,f,f,f,f,f,f,f,f,f,f,f,f,f,f,f,f,f,f,f,f,t,t,t,f,,,,,,,,,,,https://www.usaspending.gov/award/CONT_AWD_70Z0G319FPBZ05100_7008_70Z0G319APBY04100_7008/,2022-08-22
9700_-NONE-_SPE7L322V160V_0_-NONE-_0,CONT_AWD_SPE7L322V160V_9700_-NONE-_-NONE-,SPE7L322V160V,0,0,,,,,16774.00,16774.00,16774.00,16774.00,16774.00,16774.00,Q: Excluded from tracking (uses non-emergency/non-disaster designated appropriations),,,,,2022-08-19,2022,2022-08-19,2022-12-15,2022-12-15 00:00:00,,,097,Department of Defense,97AS,Defense Logistics Agency,SPE7L3,DLA LAND AND MARITIME,097,Department of Defense,97AS,Defense Logistics Agency,SPE7L3,DLA LAND AND MARITIME,097-X-4930-005,097-4930,26.0: Supplies and materials,0801: REIMBURSABLE,X,NOT APPLICABLE,,,JNC1BUEVV3B9,,JGILS LLC,"JGILS, LLC",,1N8T8,JNC1BUEVV3B9,,JGILS LLC,JGILS  LLC,USA,UNITED STATES,37159 BEN THOMAS RD,,SLIDELL,ST. TAMMANY,LA,LOUISIANA,704604943,,9856450739,9856492069,USA,UNITED STATES,SLIDELL,SAINT TAMMANY,LA,LOUISIANA,704604943,01,AWARD,B,PURCHASE ORDER,,,,,,,J,FIRM FIXED PRICE,"8509322944!REAMER SET,MACHINE","8509322944!REAMER SET,MACHINE",,,SPE7L322T943R,1,,,3455,CUTTING TOOLS FOR MACHINE TOOLS,H,NOT BUNDLED,C9E,ALL OTHERS NOT IDENTIFIABLE TO ANY OTHER PROCUREMENT PROGRAM,332216,SAW BLADE AND HANDTOOL MANUFACTURING,C,NO CLAUSES INCLUDED AND NO SUSTAINABILITY INCLUDED,A,U.S. OWNED BUSINESS,000,NONE,Z,NOT IT PRODUCTS OR SERVICES,E,NOT REQUIRED,USA,UNITED STATES,D,MFG IN U.S.,B,PLAN NOT REQUIRED,F,COMPETED UNDER SAP,SP1,SIMPLIFIED ACQUISITION,NONE,NO SET ASIDE USED.,NONE,NO PREFERENCE USED,,,,,,,8,D,COMMERCIAL PRODUCTS/SERVICES PROCEDURES NOT USED,f,N,NO,N,NO,X,NOT APPLICABLE,N,NO,,N,NO,Y,YES,X,NOT APPLICABLE,X,NOT APPLICABLE,X,NOT APPLICABLE,,,,,,,,NONE,NONE,,,,,N,TRANSACTION DOES NOT USE GFE/GFP,U,UNKNOWN,X,NO,D,NOT CONSOLIDATED,X,NOT APPLICABLE,,,Z,NOT APPLICABLE,N,NO,X,NOT APPLICABLE,f,f,f,f,f,f,f,f,f,f,f,f,f,f,f,f,f,f,f,SMALL BUSINESS,S,f,f,f,f,f,f,f,f,f,f,f,f,f,f,f,f,f,CORPORATE NOT TAX EXEMPT,t,f,f,f,f,f,f,f,f,f,f,f,f,f,f,f,f,t,f,f,f,f,f,f,f,t,t,f,t,f,f,f,f,f,f,f,f,f,f,f,f,f,f,f,f,f,f,f,f,f,,,,,,,,,,,https://www.usaspending.gov/award/CONT_AWD_SPE7L322V160V_9700_-NONE-_-NONE-/,2022-12-24
9700_-NONE-_SPE7M122P8864_0_-NONE-_0,CONT_AWD_SPE7M122P8864_9700_-NONE-_-NONE-,SPE7M122P8864,0,0,,,,,801.38,801.38,801.38,801.38,801.38,801.38,Q: Excluded from tracking (uses non-emergency/non-disaster designated appropriations),,,,,2022-08-19,2022,2022-08-19,2022-11-02,2022-11-02 00:00:00,,2022-08-12,097,Department of Defense,97AS,Defense Logistics Agency,SPE7M1,DLA LAND AND MARITIME,097,Department of Defense,97AS,Defense Logistics Agency,SPE7M1,DLA LAND AND MARITIME,097-X-4930-005,097-4930,26.0: Supplies and materials,0801: REIMBURSABLE,X,NOT APPLICABLE,,,QE72LCTNCNP5,,SDG GLOBAL TECHNOLOGY LLC,SDG GLOBAL TECHNOLOGY LLC,,8JAG5,QE72LCTNCNP5,,SDG GLOBAL TECHNOLOGY LLC,SDG GLOBAL TECHNOLOGY LLC,USA,UNITED STATES,2029 FOREST LAKES LN,,STERRETT,SHELBY,AL,ALABAMA,351478154,06,2059025199,,USA,UNITED STATES,STERRETT,SHELBY,AL,ALABAMA,351478154,06,AWARD,B,PURCHASE ORDER,,,,,,,J,FIRM FIXED PRICE,"8509326073!RELAY,ELECTROMAGNET","8509326073!RELAY,ELECTROMAGNET",,,SPE7M122T641R,1,,,5945,RELAYS AND SOLENOIDS,H,NOT BUNDLED,A1B,AIRCRAFT ENGINES AND SPARES,335314,RELAY AND INDUSTRIAL CONTROL MANUFACTURING,C,NO CLAUSES INCLUDED AND NO SUSTAINABILITY INCLUDED,A,U.S. OWNED BUSINESS,000,NONE,Z,NOT IT PRODUCTS OR SERVICES,E,NOT REQUIRED,CHN,CHINA,K,MFG OUTSIDE U.S. - UNREASONABLE COST,B,PLAN NOT REQUIRED,F,COMPETED UNDER SAP,SP1,SIMPLIFIED ACQUISITION,NONE,NO SET ASIDE USED.,NONE,NO PREFERENCE USED,,,,,,,5,D,COMMERCIAL PRODUCTS/SERVICES PROCEDURES NOT USED,f,N,NO,N,NO,N,NO,N,NO,,N,NO,N,NO,X,NOT APPLICABLE,X,NOT APPLICABLE,X,NOT APPLICABLE,,,,,,,,NONE,NONE,,,,,N,TRANSACTION DOES NOT USE GFE/GFP,U,UNKNOWN,X,NO,D,NOT CONSOLIDATED,X,NOT APPLICABLE,,,Z,NOT APPLICABLE,N,NO,X,NOT APPLICABLE,f,f,f,f,f,f,f,t,t,f,f,f,f,f,f,f,f,f,f,SMALL BUSINESS,S,f,f,f,f,f,f,f,f,f,f,f,f,f,f,f,f,f,SOLE PROPRIETORSHIP,f,f,f,t,f,f,f,f,f,f,f,f,f,f,f,f,f,t,f,f,f,f,f,f,f,f,t,f,t,f,f,f,f,f,f,f,f,f,f,f,f,f,f,f,f,t,f,f,f,f,,,,,,,,,,,https://www.usaspending.gov/award/CONT_AWD_SPE7M122P8864_9700_-NONE-_-NONE-/,2022-11-05
9700_-NONE-_SPE7M422P4259_0_-NONE-_0,CONT_AWD_SPE7M422P4259_9700_-NONE-_-NONE-,SPE7M422P4259,0,0,,,,,950.62,950.62,950.62,950.62,950.62,950.62,Q: Excluded from tracking (uses non-emergency/non-disaster designated appropriations),,,,,2022-08-19,2022,2022-08-19,2022-12-19,2022-12-19 00:00:00,,2022-05-06,097,Department of Defense,97AS,Defense Logistics Agency,SPE7M4,DLA LAND AND MARITIME,097,Department of Defense,97AS,Defense Logistics Agency,SPE7M4,DLA LAND AND MARITIME,097-X-4930-005,097-4930,26.0: Supplies and materials,0801: REIMBURSABLE,X,NOT APPLICABLE,,,LHWHD9AXN439,,"FITZHUGH, CLIFTON","FITZHUGH, CLIFTON",,0KKV2,LHWHD9AXN439,,"FITZHUGH, CLIFTON",HYPEROX TECHNOLOGIES,USA,UNITED STATES,4805 MERCURY ST STE K,,SAN DIEGO,SAN DIEGO,CA,CALIFORNIA,921112110,,8582782884,,USA,UNITED STATES,SAN DIEGO,SAN DIEGO,CA,CALIFORNIA,921112110,52,AWARD,B,PURCHASE ORDER,,,,,,,J,FIRM FIXED PRICE,"8509318571!RETAINER,PACKING","8509318571!RETAINER,PACKING",,,SPE7M422T022Q,1,,,5330,PACKING AND GASKET MATERIALS,H,NOT BUNDLED,C9E,ALL OTHERS NOT IDENTIFIABLE TO ANY OTHER PROCUREMENT PROGRAM,339991,"GASKET, PACKING, AND SEALING DEVICE MANUFACTURING",C,NO CLAUSES INCLUDED AND NO SUSTAINABILITY INCLUDED,A,U.S. OWNED BUSINESS,000,NONE,Z,NOT IT PRODUCTS OR SERVICES,E,NOT REQUIRED,USA,UNITED STATES,D,MFG IN U.S.,B,PLAN NOT REQUIRED,F,COMPETED UNDER SAP,SP1,SIMPLIFIED ACQUISITION,NONE,NO SET ASIDE USED.,NONE,NO PREFERENCE USED,,,,,,,4,D,COMMERCIAL PRODUCTS/SERVICES PROCEDURES NOT USED,f,N,NO,N,NO,N,NO,N,NO,,N,NO,N,NO,X,NOT APPLICABLE,X,NOT APPLICABLE,X,NOT APPLICABLE,,,,,,,,NONE,NONE,,,,,N,TRANSACTION DOES NOT USE GFE/GFP,U,UNKNOWN,X,NO,D,NOT CONSOLIDATED,X,NOT APPLICABLE,,,Z,NOT APPLICABLE,N,NO,X,NOT APPLICABLE,f,f,f,f,f,f,f,f,f,f,f,f,f,f,f,f,f,f,f,SMALL BUSINESS,S,f,f,f,f,f,f,f,f,f,f,f,f,f,f,f,f,f,SOLE PROPRIETORSHIP,f,f,f,t,f,f,f,f,f,f,f,f,f,f,f,f,f,t,f,f,f,f,f,f,f,f,f,f,t,f,f,f,f,f,f,f,f,f,f,f,f,f,f,f,f,f,f,f,f,f,,,,,,,,,,,https://www.usaspending.gov/award/CONT_AWD_SPE7M422P4259_9700_-NONE-_-NONE-/,2022-10-24
9700_-NONE-_SPE7MC22P4175_0_-NONE-_0,CONT_AWD_SPE7MC22P4175_9700_-NONE-_-NONE-,SPE7MC22P4175,0,0,,,,,13190.50,13190.50,13190.50,13190.50,13190.50,13190.50,Q: Excluded from tracking (uses non-emergency/non-disaster designated appropriations),,,,,2022-08-19,2022,2022-08-19,2023-01-17,2023-01-17 00:00:00,,2022-07-29,097,Department of Defense,97AS,Defense Logistics Agency,SPE7MC,DLA LAND AND MARITIME,097,Department of Defense,97AS,Defense Logistics Agency,SPE7MC,DLA LAND AND MARITIME,097-X-4930-005,097-4930,26.0: Supplies and materials,0801: REIMBURSABLE,X,NOT APPLICABLE,,,ME1NKSLXV5T7,,"BRIGHT LIGHTS USA, INC.","BRIGHT LIGHTS USA, INC.",,0RMF7,ME1NKSLXV5T7,,"BRIGHT LIGHTS USA, INC.",BRIGHT LIGHTS USA  INC.,USA,UNITED STATES,11000 MIDLANTIC DR,,MOUNT LAUREL,BURLINGTON,NJ,NEW JERSEY,080541566,,8565465656,8565469191,USA,UNITED STATES,MOUNT LAUREL,BURLINGTON,NJ,NEW JERSEY,080541566,03,AWARD,B,PURCHASE ORDER,,,,,,,J,FIRM FIXED PRICE,"8509321683!BARRIER,AIRCRAFT AR","8509321683!BARRIER,AIRCRAFT AR",,,SPE7MC22T330S,1,,,1710,AIRCRAFT LANDING EQUIPMENT,H,NOT BUNDLED,C9E,ALL OTHERS NOT IDENTIFIABLE TO ANY OTHER PROCUREMENT PROGRAM,332710,MACHINE SHOPS,C,NO CLAUSES INCLUDED AND NO SUSTAINABILITY INCLUDED,A,U.S. OWNED BUSINESS,000,NONE,Z,NOT IT PRODUCTS OR SERVICES,E,NOT REQUIRED,USA,UNITED STATES,D,MFG IN U.S.,B,PLAN NOT REQUIRED,F,COMPETED UNDER SAP,SP1,SIMPLIFIED ACQUISITION,NONE,NO SET ASIDE USED.,NONE,NO PREFERENCE USED,,,,,,,2,D,COMMERCIAL PRODUCTS/SERVICES PROCEDURES NOT USED,f,N,NO,N,NO,X,NOT APPLICABLE,N,NO,,N,NO,N,NO,X,NOT APPLICABLE,X,NOT APPLICABLE,X,NOT APPLICABLE,,,,,,,,NONE,NONE,,,,,N,TRANSACTION DOES NOT USE GFE/GFP,U,UNKNOWN,X,NO,D,NOT CONSOLIDATED,X,NOT APPLICABLE,,,Z,NOT APPLICABLE,N,NO,X,NOT APPLICABLE,f,f,f,f,f,f,f,f,f,f,f,f,t,f,f,f,t,f,f,SMALL BUSINESS,S,f,f,f,f,f,f,f,f,f,f,f,f,f,f,f,f,f,CORPORATE NOT TAX EXEMPT,t,f,f,f,f,f,f,f,f,f,f,f,t,f,f,f,f,t,f,f,f,f,f,f,f,t,f,f,t,f,f,f,f,f,f,f,f,f,f,f,f,f,f,f,f,f,f,f,f,f,,,,,,,,,,,https://www.usaspending.gov/award/CONT_AWD_SPE7MC22P4175_9700_-NONE-_-NONE-/,2022-08-19
9700_9700_N4425522F4345_0_N4425519D0008_0,CONT_AWD_N4425522F4345_9700_N4425519D0008_9700,N4425522F4345,0,0,9700,DEPT OF DEFENSE,N4425519D0008,0,938878.75,938878.75,938878.75,938878.75,938878.75,938878.75,Q: Excluded from tracking (uses non-emergency/non-disaster designated appropriations),,,,,2022-08-19,2022,2022-08-19,2023-07-24,2023-07-24 00:00:00,,2022-07-07,097,Department of Defense,1700,Department of the Navy,N44255,NAVFAC NORTHWEST,097,Department of Defense,1700,Department of the Navy,N68436,NAVAL BASE KITSAP,017-2022/2022-1804-000,017-1804,25.4: Operation and maintenance of facilities,0004: ADMINISTRATION AND SERVICE-WIDE ACTIVITIES,X,NOT APPLICABLE,,,J7EMDTWALNL8,,PORT MADISON ENTERPRISES CONSTRUCTION CORP,PORT MADISON ENTERPRISES CONSTRUCTION CORPORATION,,5EK10,J7EMDTWALNL8,,PORT MADISON ENTERPRISES CONSTRUCTION CORP,PORT MADISON ENTERPRISES CONSTRUCTION CORPORATION,USA,UNITED STATES,15775 GEORGE LN NE STE 210,,POULSBO,KITSAP,WA,WASHINGTON,983707888,06,3605169024,3607798104,USA,UNITED STATES,SILVERDALE,KITSAP,WA,WASHINGTON,983151100,06,AWARD,C,DELIVERY ORDER,,,,,,,J,FIRM FIXED PRICE,"INSTALL TEMP BOILER CONNECTIONS AT MULTIPLE BUILDINGS, NAVAL BASE KITSAP, BANGOR, WASHINGTON","INSTALL TEMP BOILER CONNECTIONS AT MULTIPLE BUILDINGS, NAVAL BASE KITSAP, BANGOR, WASHINGTON",,,N4425518R5005,1,OT,OTHER FUNCTIONS,Z2JZ,REPAIR OR ALTERATION OF MISCELLANEOUS BUILDINGS,H,NOT BUNDLED,C2,CONSTRUCTION,236220,COMMERCIAL AND INSTITUTIONAL BUILDING CONSTRUCTION,B,FAR 52.223-4 AND FAR 52.223-9 INCLUDED,A,U.S. OWNED BUSINESS,000,NONE,Z,NOT IT PRODUCTS OR SERVICES,A,MEETS REQUIREMENTS,USA,UNITED STATES,C,NOT A MANUFACTURED END PRODUCT,B,PLAN NOT REQUIRED,D,FULL AND OPEN COMPETITION AFTER EXCLUSION OF SOURCES,NP,NEGOTIATED PROPOSAL/QUOTE,,,NONE,NO PREFERENCE USED,,,,,,,,D,COMMERCIAL PRODUCTS/SERVICES PROCEDURES NOT USED,f,N,NO,N,NO,Y,YES,Y,YES,,N,NO,N,NO,Y,YES,Y,YES,X,NOT APPLICABLE,,,B,IDC,S,SINGLE AWARD,,NONE,NONE,N,NO,,,N,TRANSACTION DOES NOT USE GFE/GFP,U,UNKNOWN,X,NO,D,NOT CONSOLIDATED,Y,YES - SERVICE WHERE PBA IS USED.,N,NO,Z,NOT APPLICABLE,N,NO,X,NOT APPLICABLE,f,f,t,f,t,f,f,f,f,f,f,f,t,f,f,f,f,t,f,SMALL BUSINESS,S,f,f,f,f,f,f,f,f,f,f,f,f,f,f,f,f,f,CORPORATE TAX EXEMPT,f,t,f,f,f,f,f,f,f,f,f,f,f,f,f,f,f,t,f,f,f,f,f,f,f,f,f,f,t,f,f,f,f,f,f,f,f,f,f,f,f,f,f,f,f,t,f,t,t,f,,,,,,,,,,,https://www.usaspending.gov/award/CONT_AWD_N4425522F4345_9700_N4425519D0008_9700/,2022-08-19
9700_9700_SPE2DB22FD8KB_0_SPE2DB20D1051_0,CONT_AWD_SPE2DB22FD8KB_9700_SPE2DB20D1051_9700,SPE2DB22FD8KB,0,0,9700,DEPT OF DEFENSE,SPE2DB20D1051,0,145.32,145.32,145.32,145.32,145.32,145.32,Q: Excluded from tracking (uses non-emergency/non-disaster designated appropriations),,,,,2022-08-19,2022,2022-08-19,2022-08-22,2022-08-22 00:00:00,,2022-08-19,097,Department of Defense,97AS,Defense Logistics Agency,SPE2DB,DLA TROOP SUPPORT,097,Department of Defense,97AS,Defense Logistics Agency,SPE2DB,DLA TROOP SUPPORT,097-X-4930-005,097-4930,26.0: Supplies and materials,0801: REIMBURSABLE,X,NOT APPLICABLE,,,KABZK8W6PQT3,,AMERISOURCEBERGEN DRUG CORP,AMERISOURCEBERGEN DRUG CORPORATION,,1XUY5,ZSGWRZ4L1N73,,AMERISOURCEBERGEN HOLDING CORPORATION,AMERISOURCEBERGEN CORPORATION,USA,UNITED STATES,1300 MORRIS DR STE 100,,CHESTERBROOK,CHESTER,PA,PENNSYLVANIA,190875559,,6238263181,,USA,UNITED STATES,CONSHOHOCKEN,MONTGOMERY,PA,PENNSYLVANIA,194281800,04,AWARD,C,DELIVERY ORDER,,,,,,,J,FIRM FIXED PRICE,4558164498!LISINOPRIL 40 MG TABLET 1000S,4558164498!LISINOPRIL 40 MG TABLET 1000S,,,,1,,,6505,DRUGS AND BIOLOGICALS,H,NOT BUNDLED,C9B,MEDICAL AND DENTAL SUPPLIES AND EQUIPMENT,424210,DRUGS AND DRUGGISTS' SUNDRIES MERCHANT WHOLESALERS,C,NO CLAUSES INCLUDED AND NO SUSTAINABILITY INCLUDED,A,U.S. OWNED BUSINESS,000,NONE,Z,NOT IT PRODUCTS OR SERVICES,E,NOT REQUIRED,USA,UNITED STATES,D,MFG IN U.S.,B,PLAN NOT REQUIRED,A,FULL AND OPEN COMPETITION,NP,NEGOTIATED PROPOSAL/QUOTE,,,NONE,NO PREFERENCE USED,,,,,,,,D,COMMERCIAL PRODUCTS/SERVICES PROCEDURES NOT USED,f,N,NO,N,NO,Y,YES,N,NO,,N,NO,N,NO,X,NOT APPLICABLE,X,NOT APPLICABLE,X,NOT APPLICABLE,,,B,IDC,S,SINGLE AWARD,,NONE,NONE,N,NO,,,N,TRANSACTION DOES NOT USE GFE/GFP,U,UNKNOWN,X,NO,D,NOT CONSOLIDATED,X,NOT APPLICABLE,N,NO,Z,NOT APPLICABLE,N,NO,X,NOT APPLICABLE,f,f,f,f,f,f,f,f,f,f,f,f,f,f,f,f,f,f,f,OTHER THAN SMALL BUSINESS,O,f,f,f,f,f,f,f,f,f,f,f,f,f,f,f,f,f,CORPORATE NOT TAX EXEMPT,t,f,f,f,f,f,f,f,f,f,f,f,f,f,f,f,f,t,f,f,f,f,f,f,f,f,f,f,t,f,f,f,f,f,f,f,f,f,f,f,f,f,f,f,f,f,f,f,f,f,,,,,,,,,,,https://www.usaspending.gov/award/CONT_AWD_SPE2DB22FD8KB_9700_SPE2DB20D1051_9700/,2022-09-08
9700_9700_SPE2DB22FEK85_0_SPE2DB22D2206_0,CONT_AWD_SPE2DB22FEK85_9700_SPE2DB22D2206_9700,SPE2DB22FEK85,0,0,9700,DEPT OF DEFENSE,SPE2DB22D2206,0,1275.45,1275.45,1275.45,1275.45,1275.45,1275.45,Q: Excluded from tracking (uses non-emergency/non-disaster designated appropriations),,,,,2022-08-19,2022,2022-08-19,2022-08-22,2022-08-22 00:00:00,,2022-08-19,097,Department of Defense,97AS,Defense Logistics Agency,SPE2DB,DLA TROOP SUPPORT,097,Department of Defense,97AS,Defense Logistics Agency,SPE2DB,DLA TROOP SUPPORT,097-X-4930-005,097-4930,26.0: Supplies and materials,0801: REIMBURSABLE,X,NOT APPLICABLE,,,KABZK8W6PQT3,,AMERISOURCEBERGEN DRUG CORP,AMERISOURCEBERGEN DRUG CORP,,1XUY5,ZSGWRZ4L1N73,,AMERISOURCEBERGEN HOLDING CORPORATION,AMERISOURCEBERGEN CORPORATION,USA,UNITED STATES,1 W 1ST AVE,,CONSHOHOCKEN,MONTGOMERY,PA,PENNSYLVANIA,194281800,,8166561769,,USA,UNITED STATES,CONSHOHOCKEN,MONTGOMERY,PA,PENNSYLVANIA,194281800,04,AWARD,C,DELIVERY ORDER,,,,,,,J,FIRM FIXED PRICE,4558163039!DIAZEPAM 50 MG/10 ML VIAL 10ML,4558163039!DIAZEPAM 50 MG/10 ML VIAL 10ML,,,,1,,,6505,DRUGS AND BIOLOGICALS,H,NOT BUNDLED,C9B,MEDICAL AND DENTAL SUPPLIES AND EQUIPMENT,424210,DRUGS AND DRUGGISTS' SUNDRIES MERCHANT WHOLESALERS,C,NO CLAUSES INCLUDED AND NO SUSTAINABILITY INCLUDED,A,U.S. OWNED BUSINESS,000,NONE,Z,NOT IT PRODUCTS OR SERVICES,E,NOT REQUIRED,USA,UNITED STATES,D,MFG IN U.S.,B,PLAN NOT REQUIRED,A,FULL AND OPEN COMPETITION,NP,NEGOTIATED PROPOSAL/QUOTE,,,NONE,NO PREFERENCE USED,,,,,,,,D,COMMERCIAL PRODUCTS/SERVICES PROCEDURES NOT USED,f,N,NO,N,NO,Y,YES,N,NO,,N,NO,N,NO,X,NOT APPLICABLE,X,NOT APPLICABLE,X,NOT APPLICABLE,,,B,IDC,S,SINGLE AWARD,,NONE,NONE,N,NO,,,N,TRANSACTION DOES NOT USE GFE/GFP,U,UNKNOWN,X,NO,D,NOT CONSOLIDATED,X,NOT APPLICABLE,N,NO,Z,NOT APPLICABLE,N,NO,X,NOT APPLICABLE,f,f,f,f,f,f,f,f,f,f,f,f,f,f,f,f,f,f,f,OTHER THAN SMALL BUSINESS,O,f,f,f,f,f,f,f,f,f,f,f,f,f,f,f,f,f,CORPORATE NOT TAX EXEMPT,t,f,f,f,f,f,f,f,f,f,f,f,f,f,f,f,f,t,f,f,f,f,f,f,f,f,f,f,t,f,f,f,f,f,f,f,f,f,f,f,f,f,f,f,f,f,f,f,f,f,,,,,,,,,,,https://www.usaspending.gov/award/CONT_AWD_SPE2DB22FEK85_9700_SPE2DB22D2206_9700/,2022-09-08
9700_9700_SPE2DB22FP89R_0_SPE2DB20D1109_0,CONT_AWD_SPE2DB22FP89R_9700_SPE2DB20D1109_9700,SPE2DB22FP89R,0,0,9700,DEPT OF DEFENSE,SPE2DB20D1109,0,109120.80,109120.80,109120.80,109120.80,109120.80,109120.80,Q: Excluded from tracking (uses non-emergency/non-disaster designated appropriations),,,,,2022-08-19,2022,2022-08-19,2022-08-22,2022-08-22 00:00:00,,2022-08-19,097,Department of Defense,97AS,Defense Logistics Agency,SPE2DB,DLA TROOP SUPPORT,097,Department of Defense,97AS,Defense Logistics Agency,SPE2DB,DLA TROOP SUPPORT,097-X-4930-005,097-4930,26.0: Supplies and materials,0801: REIMBURSABLE,X,NOT APPLICABLE,,,KABZK8W6PQT3,,AMERISOURCEBERGEN DRUG CORP,AMERISOURCEBERGEN DRUG CORPORATION,,1XUY5,ZSGWRZ4L1N73,,AMERISOURCEBERGEN HOLDING CORPORATION,AMERISOURCEBERGEN CORPORATION,USA,UNITED STATES,1300 MORRIS DR STE 100,,CHESTERBROOK,CHESTER,PA,PENNSYLVANIA,190875559,,6238263181,,USA,UNITED STATES,CONSHOHOCKEN,MONTGOMERY,PA,PENNSYLVANIA,194281800,04,AWARD,C,DELIVERY ORDER,,,,,,,J,FIRM FIXED PRICE,4558175788!PREVNAR 13 SYRINGE 0.5ML,4558175788!PREVNAR 13 SYRINGE 0.5ML,,,,1,,,6505,DRUGS AND BIOLOGICALS,H,NOT BUNDLED,C9B,MEDICAL AND DENTAL SUPPLIES AND EQUIPMENT,424210,DRUGS AND DRUGGISTS' SUNDRIES MERCHANT WHOLESALERS,C,NO CLAUSES INCLUDED AND NO SUSTAINABILITY INCLUDED,A,U.S. OWNED BUSINESS,000,NONE,Z,NOT IT PRODUCTS OR SERVICES,E,NOT REQUIRED,USA,UNITED STATES,D,MFG IN U.S.,B,PLAN NOT REQUIRED,A,FULL AND OPEN COMPETITION,NP,NEGOTIATED PROPOSAL/QUOTE,,,NONE,NO PREFERENCE USED,,,,,,,,D,COMMERCIAL PRODUCTS/SERVICES PROCEDURES NOT USED,f,N,NO,N,NO,Y,YES,N,NO,,N,NO,N,NO,X,NOT APPLICABLE,X,NOT APPLICABLE,X,NOT APPLICABLE,,,B,IDC,S,SINGLE AWARD,,NONE,NONE,N,NO,,,N,TRANSACTION DOES NOT USE GFE/GFP,U,UNKNOWN,X,NO,D,NOT CONSOLIDATED,X,NOT APPLICABLE,N,NO,Z,NOT APPLICABLE,N,NO,X,NOT APPLICABLE,f,f,f,f,f,f,f,f,f,f,f,f,f,f,f,f,f,f,f,OTHER THAN SMALL BUSINESS,O,f,f,f,f,f,f,f,f,f,f,f,f,f,f,f,f,f,CORPORATE NOT TAX EXEMPT,t,f,f,f,f,f,f,f,f,f,f,f,f,f,f,f,f,t,f,f,f,f,f,f,f,f,f,f,t,f,f,f,f,f,f,f,f,f,f,f,f,f,f,f,f,f,f,f,f,f,,,,,,,,,,,https://www.usaspending.gov/award/CONT_AWD_SPE2DB22FP89R_9700_SPE2DB20D1109_9700/,2022-09-08
